[
    {
        "area": 6.1501,
        "bounds": [
            [
                -0.7,
                -0.7,
                0.0
            ],
            [
                0.7,
                0.7,
                1.4
            ]
        ],
        "center_mass": [
            -0.0,
            -0.0,
            0.7
        ],
        "density": 1.1,
        "euler_number": 2,
        "friction": 0.7,
        "id": "LargeRubberSphere",
        "inertia": [
            [
                0.3086,
                0.0,
                -0.0
            ],
            [
                0.0,
                0.3086,
                -0.0
            ],
            [
                -0.0,
                -0.0,
                0.3086
            ]
        ],
        "is_convex": true,
        "mass": 1.577,
        "material": "Rubber",
        "nr_faces": 5120,
        "nr_vertices": 2562,
        "volume": 1.4336
    },
    {
        "area": 2.8116,
        "bounds": [
            [
                -0.35,
                -0.35,
                0.0
            ],
            [
                0.35,
                0.35,
                0.7
            ]
        ],
        "center_mass": [
            0.0,
            -0.0,
            0.35
        ],
        "density": 1.1,
        "euler_number": 2,
        "friction": 0.7,
        "id": "SmallRubberCube",
        "inertia": [
            [
                0.0304,
                0.0,
                -0.0
            ],
            [
                0.0,
                0.0304,
                0.0
            ],
            [
                -0.0,
                0.0,
                0.0304
            ]
        ],
        "is_convex": true,
        "mass": 0.3749,
        "material": "Rubber",
        "nr_faces": 972,
        "nr_vertices": 488,
        "volume": 0.3408
    },
    {
        "area": 11.2465,
        "bounds": [
            [
                -0.7,
                -0.7,
                0.0
            ],
            [
                0.7,
                0.7,
                1.4
            ]
        ],
        "center_mass": [
            0.0,
            -0.0,
            0.7
        ],
        "density": 1.1,
        "euler_number": 2,
        "friction": 0.7,
        "id": "LargeRubberCube",
        "inertia": [
            [
                0.9719,
                0.0,
                -0.0
            ],
            [
                0.0,
                0.9719,
                0.0
            ],
            [
                -0.0,
                0.0,
                0.9719
            ]
        ],
        "is_convex": true,
        "mass": 2.999,
        "material": "Rubber",
        "nr_faces": 972,
        "nr_vertices": 488,
        "volume": 2.7264
    },
    {
        "area": 1.5375,
        "bounds": [
            [
                -0.35,
                -0.35,
                0.0
            ],
            [
                0.35,
                0.35,
                0.7
            ]
        ],
        "center_mass": [
            -0.0,
            -0.0,
            0.35
        ],
        "density": 1.1,
        "euler_number": 2,
        "friction": 0.7,
        "id": "SmallRubberSphere",
        "inertia": [
            [
                0.0096,
                0.0,
                -0.0
            ],
            [
                0.0,
                0.0096,
                -0.0
            ],
            [
                -0.0,
                -0.0,
                0.0096
            ]
        ],
        "is_convex": true,
        "mass": 0.1971,
        "material": "Rubber",
        "nr_faces": 5120,
        "nr_vertices": 2562,
        "volume": 0.1792
    },
    {
        "area": 8.9586,
        "bounds": [
            [
                -0.7,
                -0.7,
                0.0
            ],
            [
                0.7,
                0.7,
                1.4
            ]
        ],
        "center_mass": [
            -0.0,
            -0.0,
            0.7
        ],
        "density": 1.1,
        "euler_number": 2,
        "friction": 0.7,
        "id": "LargeRubberCylinder",
        "inertia": [
            [
                0.6689,
                0.0,
                0.0
            ],
            [
                0.0,
                0.6689,
                -0.0
            ],
            [
                0.0,
                -0.0,
                0.5742
            ]
        ],
        "is_convex": true,
        "mass": 2.3567,
        "material": "Rubber",
        "nr_faces": 2300,
        "nr_vertices": 1152,
        "volume": 2.1424
    },
    {
        "area": 2.2397,
        "bounds": [
            [
                -0.35,
                -0.35,
                0.0
            ],
            [
                0.35,
                0.35,
                0.7
            ]
        ],
        "center_mass": [
            -0.0,
            -0.0,
            0.35
        ],
        "density": 1.1,
        "euler_number": 2,
        "friction": 0.7,
        "id": "SmallRubberCylinder",
        "inertia": [
            [
                0.0209,
                0.0,
                0.0
            ],
            [
                0.0,
                0.0209,
                -0.0
            ],
            [
                0.0,
                -0.0,
                0.0179
            ]
        ],
        "is_convex": true,
        "mass": 0.2946,
        "material": "Rubber",
        "nr_faces": 2300,
        "nr_vertices": 1152,
        "volume": 0.2678
    },
    {
        "area": 11.2465,
        "bounds": [
            [
                -0.7,
                -0.7,
                0.0
            ],
            [
                0.7,
                0.7,
                1.4
            ]
        ],
        "center_mass": [
            0.0,
            -0.0,
            0.7
        ],
        "density": 8.0,
        "euler_number": 2,
        "friction": 0.2,
        "id": "LargeMetalCube",
        "inertia": [
            [
                7.0685,
                0.0,
                -0.0
            ],
            [
                0.0,
                7.0685,
                0.0
            ],
            [
                -0.0,
                0.0,
                7.0685
            ]
        ],
        "is_convex": true,
        "mass": 21.8112,
        "material": "Metal",
        "nr_faces": 972,
        "nr_vertices": 488,
        "volume": 2.7264
    },
    {
        "area": 2.8116,
        "bounds": [
            [
                -0.35,
                -0.35,
                0.0
            ],
            [
                0.35,
                0.35,
                0.7
            ]
        ],
        "center_mass": [
            0.0,
            -0.0,
            0.35
        ],
        "density": 8.0,
        "euler_number": 2,
        "friction": 0.2,
        "id": "SmallMetalCube",
        "inertia": [
            [
                0.2209,
                0.0,
                -0.0
            ],
            [
                0.0,
                0.2209,
                0.0
            ],
            [
                -0.0,
                0.0,
                0.2209
            ]
        ],
        "is_convex": true,
        "mass": 2.7264,
        "material": "Metal",
        "nr_faces": 972,
        "nr_vertices": 488,
        "volume": 0.3408
    },
    {
        "area": 6.1501,
        "bounds": [
            [
                -0.7,
                -0.7,
                0.0
            ],
            [
                0.7,
                0.7,
                1.4
            ]
        ],
        "center_mass": [
            -0.0,
            -0.0,
            0.7
        ],
        "density": 8.0,
        "euler_number": 2,
        "friction": 0.2,
        "id": "LargeMetalSphere",
        "inertia": [
            [
                2.2447,
                0.0,
                -0.0
            ],
            [
                0.0,
                2.2447,
                -0.0
            ],
            [
                -0.0,
                -0.0,
                2.2447
            ]
        ],
        "is_convex": true,
        "mass": 11.4692,
        "material": "Metal",
        "nr_faces": 5120,
        "nr_vertices": 2562,
        "volume": 1.4336
    },
    {
        "area": 1.5375,
        "bounds": [
            [
                -0.35,
                -0.35,
                0.0
            ],
            [
                0.35,
                0.35,
                0.7
            ]
        ],
        "center_mass": [
            -0.0,
            -0.0,
            0.35
        ],
        "density": 8.0,
        "euler_number": 2,
        "friction": 0.2,
        "id": "SmallMetalSphere",
        "inertia": [
            [
                0.0701,
                0.0,
                -0.0
            ],
            [
                0.0,
                0.0701,
                -0.0
            ],
            [
                -0.0,
                -0.0,
                0.0701
            ]
        ],
        "is_convex": true,
        "mass": 1.4336,
        "material": "Metal",
        "nr_faces": 5120,
        "nr_vertices": 2562,
        "volume": 0.1792
    },
    {
        "area": 8.9586,
        "bounds": [
            [
                -0.7,
                -0.7,
                0.0
            ],
            [
                0.7,
                0.7,
                1.4
            ]
        ],
        "center_mass": [
            -0.0,
            -0.0,
            0.7
        ],
        "density": 8.0,
        "euler_number": 2,
        "friction": 0.2,
        "id": "LargeMetalCylinder",
        "inertia": [
            [
                4.8648,
                0.0,
                0.0
            ],
            [
                0.0,
                4.8648,
                -0.0
            ],
            [
                0.0,
                -0.0,
                4.1759
            ]
        ],
        "is_convex": true,
        "mass": 17.1394,
        "material": "Metal",
        "nr_faces": 2300,
        "nr_vertices": 1152,
        "volume": 2.1424
    },
    {
        "area": 2.2397,
        "bounds": [
            [
                -0.35,
                -0.35,
                0.0
            ],
            [
                0.35,
                0.35,
                0.7
            ]
        ],
        "center_mass": [
            -0.0,
            -0.0,
            0.35
        ],
        "density": 8.0,
        "euler_number": 2,
        "friction": 0.2,
        "id": "SmallMetalCylinder",
        "inertia": [
            [
                0.152,
                0.0,
                0.0
            ],
            [
                0.0,
                0.152,
                -0.0
            ],
            [
                0.0,
                -0.0,
                0.1305
            ]
        ],
        "is_convex": true,
        "mass": 2.1424,
        "material": "Metal",
        "nr_faces": 2300,
        "nr_vertices": 1152,
        "volume": 0.2678
    },
    {
        "area": 4.3529,
        "bounds": [
            [
                -0.4117,
                -0.75,
                0.0
            ],
            [
                0.4117,
                0.75,
                1.476
            ]
        ],
        "center_mass": [
            -0.0,
            0.0015,
            0.6343
        ],
        "density": 1.1,
        "euler_number": 2,
        "friction": 0.7,
        "id": "RubberSpot",
        "inertia": [
            [
                0.1169,
                -0.0,
                -0.0
            ],
            [
                -0.0,
                0.0634,
                0.0348
            ],
            [
                -0.0,
                0.0348,
                0.0811
            ]
        ],
        "is_convex": false,
        "mass": 0.526,
        "material": "Rubber",
        "nr_faces": 5856,
        "nr_vertices": 2930,
        "volume": 0.4781
    },
    {
        "area": 4.3529,
        "bounds": [
            [
                -0.4117,
                -0.75,
                0.0
            ],
            [
                0.4117,
                0.75,
                1.476
            ]
        ],
        "center_mass": [
            -0.0,
            0.0015,
            0.6343
        ],
        "density": 8.0,
        "euler_number": 2,
        "friction": 0.2,
        "id": "MetalSpot",
        "inertia": [
            [
                0.8499,
                -0.0,
                -0.0
            ],
            [
                -0.0,
                0.4609,
                0.253
            ],
            [
                -0.0,
                0.253,
                0.5897
            ]
        ],
        "is_convex": false,
        "mass": 3.8251,
        "material": "Metal",
        "nr_faces": 5856,
        "nr_vertices": 2930,
        "volume": 0.4781
    },
    {
        "area": 20080.0,
        "bounds": [
            [
                -50.0,
                -50.0,
                0.0
            ],
            [
                50.0,
                50.0,
                0.2
            ]
        ],
        "center_mass": [
            0.0,
            0.0,
            0.1
        ],
        "density": 0.0,
        "euler_number": 2,
        "friction": 1.0,
        "id": "Floor",
        "inertia": [
            [
                0.0,
                0.0,
                0.0
            ],
            [
                0.0,
                0.0,
                0.0
            ],
            [
                0.0,
                0.0,
                0.0
            ]
        ],
        "is_convex": true,
        "mass": 0.0,
        "material": "FloorMaterial",
        "nr_faces": 12,
        "nr_vertices": 8,
        "volume": 2000.0
    },
    {
      "id": "Sphereworld",
      "material": "wall",
      "density": 0,
      "friction": 1,
      "nr_vertices": 1242,
      "nr_faces": 1200,
      "bounds": [7.61, 8, 8],
      "area": 0,
      "volume": 0,
      "mass": 0,
      "center_mass": [0.0, 0.0, 0.0],
      "inertia": [[0, 0, 0], [0, 0, 0], [0, 0, 0]],
      "is_convex": true,
      "euler_number": 2,
      "paths": {
            "visual_geometry": "visual_geometry.obj",
            "collision_geometry": "collision_geometry.obj",
            "urdf": "object.urdf"
      }
  }
]